ligand_entry,SMILES,ligand_type,exp_yield,exp_ee,exp_deldelG,nbo_O1_cmc,nbo_C2_cmc,nbo_X3_cmc,nbo_C4_cmc,nbo_N5_cmc,nbo_C6_cmc,nbo_C7_cmc,nbo_O8_cmc,nbo_Co_cmc,da_C2_X3_C4_N5_cmc,bl_OCo_cmc,bl_NCo_cmc,ba_OCoN_cmc,vbur_Co_cmc,vbur_oct2_cmc,vbur_oct3_cmc,vbur_oct4_cmc,vbur_oct5_cmc,vbur_oct6_cmc,vbur_oct7_cmc,IE_cmc,nbo_O/S1_fl,nbo_C2_fl,nbo_X3_fl,nbo_C4_fl,nbo_N5_fl,nbo_C6_fl,nbo_C7_fl,nbo_O8_fl,da_C2_X3_C4_N5_fl,s_C2_Bmin_fl,s_C2_Bmax_fl,s_C2_L_fl,s_C6_Bmin_fl,s_C6_Bmax_fl,s_C6_L_fl
UL1_quinolin,O/C(NC1=CC=CC=C1)=N\C2=N[C@@H](C3=CC=CC=C3)CO2,urea,50,77,-1.391398619,-0.61906,0.76212,-0.63528,0.72707,-0.42769,-0.09153,-0.08444,-0.44019,0.6189,-0.998,1.89514,1.84445,92.077,71.85,1.6,3.1,7.1,7.1,4.1,7.3,-0.003972402,-0.68131,0.76692,-0.63953,0.70167,-0.62729,-0.09466,-0.08122,-0.45667,-1.029,1.84,5.96,6.7,2.28,9.89,6.45
UL1_3-Methylquinolin,O/C(NC1=CC=CC=C1)=N\C2=N[C@@H](C3=CC=CC=C3)CO0,urea,50,93,-2.195605732,-0.61887,0.76222,-0.63585,0.72653,-0.42743,-0.09165,-0.08444,-0.44109,0.61897,-1.115,1.89654,1.84412,92.08,71.82,1.7,3,7.3,7,4.2,7.2,-0.003701779,-0.68131,0.76692,-0.63953,0.70167,-0.62729,-0.09466,-0.08122,-0.45667,-1.029,1.84,5.96,6.7,2.28,9.89,6.45
UL1_4-Methylquinolin,O/C(NC1=CC=CC=C1)=N\C2=N[C@@H](C3=CC=CC=C3)CO1,urea,50,84,-1.616758147,-0.619,0.76365,-0.63507,0.72751,-0.42756,-0.0922,-0.08405,-0.44153,0.61738,-1.586,1.8979,1.84459,92.064,71.79,2.1,2.8,6.9,7.6,3.7,7.2,-0.00423071,-0.68131,0.76692,-0.63953,0.70167,-0.62729,-0.09466,-0.08122,-0.45667,-1.029,1.84,5.96,6.7,2.28,9.89,6.45
UL1_7-Methylquinolin,O/C(NC1=CC=CC=C1)=N\C2=N[C@@H](C3=CC=CC=C3)CO2,urea,51,99,-3.504003966,-0.62064,0.76379,-0.6339,0.72795,-0.42808,-0.09638,-0.0837,-0.44012,0.62557,-2.557,1.89432,1.8515,92.372,71.9,2.1,2.4,6.5,7.8,3.6,7.9,-0.00604131,-0.68131,0.76692,-0.63953,0.70167,-0.62729,-0.09466,-0.08122,-0.45667,-1.029,1.84,5.96,6.7,2.28,9.89,6.45
